<?xml version="1.0" encoding="UTF-8"?>
<project-private xmlns="http://www.netbeans.org/ns/project-private/1">
    <editor-bookmarks xmlns="http://www.netbeans.org/ns/editor-bookmarks/1"/>
    <editor-bookmarks xmlns="http://www.netbeans.org/ns/editor-bookmarks/2" lastBookmarkId="0"/>
    <open-files xmlns="http://www.netbeans.org/ns/projectui-open-files/2">
        <group name="Web Component Development Using Java Demos"/>
        <group>
            <file>file:/E:/jsp%20codes/SourceCodeModule10/SourceCodeModule10/MVCLoginApplication/web/index.jsp</file>
            <file>file:/E:/jsp%20codes/SourceCodeModule10/SourceCodeModule10/MVCLoginApplication/src/java/Model/ValidateUser.java</file>
            <file>file:/E:/jsp%20codes/SourceCodeModule10/SourceCodeModule10/MVCLoginApplication/src/java/controller/LoginServlet.java</file>
            <file>file:/E:/jsp%20codes/SourceCodeModule10/SourceCodeModule10/MVCLoginApplication/src/java/helper/User.java</file>
            <file>file:/E:/jsp%20codes/SourceCodeModule10/SourceCodeModule10/MVCLoginApplication/web/META-INF/context.xml</file>
            <file>file:/E:/jsp%20codes/SourceCodeModule10/SourceCodeModule10/MVCLoginApplication/web/WEB-INF/web.xml</file>
            <file>file:/E:/jsp%20codes/SourceCodeModule10/SourceCodeModule10/MVCLoginApplication/web/success.jsp</file>
        </group>
    </open-files>
</project-private>
