<?xml version="1.0" encoding="UTF-8"?>
<project-private xmlns="http://www.netbeans.org/ns/project-private/1">
    <editor-bookmarks xmlns="http://www.netbeans.org/ns/editor-bookmarks/1"/>
    <open-files xmlns="http://www.netbeans.org/ns/projectui-open-files/1">
        <file>file:/C:/Program%20Files/Apache%20Software%20Foundation/Tomcat%206.0/webapps/ACT_SRC_M12_SM01_v1.0.doc/src/WelcomeServlet.java</file>
        <file>file:/C:/Program%20Files/Apache%20Software%20Foundation/Tomcat%206.0/webapps/ACT_SRC_M12_SM01_v1.0.doc/src/input_de.properties</file>
        <file>file:/C:/Program%20Files/Apache%20Software%20Foundation/Tomcat%206.0/webapps/ACT_SRC_M12_SM01_v1.0.doc/web/Example.jsp</file>
        <file>file:/C:/Program%20Files/Apache%20Software%20Foundation/Tomcat%206.0/webapps/ACT_SRC_M12_SM01_v1.0.doc/web/WEB-INF/web.xml</file>
        <file>file:/C:/Program%20Files/Apache%20Software%20Foundation/Tomcat%206.0/webapps/ACT_SRC_M12_SM01_v1.0.doc/web/process.jsp</file>
    </open-files>
</project-private>
